model,RMSE,MAE
Baseline,0.9840171160356631,0.7543742921811999
MatrixFactorization,0.9117603233737274,0.7186731014755023
SVD++,0.9319965112818345,0.7429217547046114
